Id,Nome,Email,Telefone
1,Ana Silva,ana.silva@email.com,(11) 1234-5678
2,Carlos Santos,carlos.santos@email.com,(22) 2345-6789
3,Maria Oliveira,maria.oliveira@email.com,(33) 3456-7890
4,Jo√£o Pereira,joao.pereira@email.com,(44) 4567-8901
5,Laura Lima,laura.lima@email.com,(55) 5678-9012
6,Pedro Costa,pedro.costa@email.com,(66) 6789-0123
7,Camila Rocha,camila.rocha@email.com,(77) 7890-1234
8,Rafael Souza,rafael.souza@email.com,(88) 8901-2345
9,Juliana Almeida,juliana.almeida@email.com,(99) 9012-3456
10,Bruno Oliveira,bruno.oliveira@email.com,(00) 0123-4567